variable1,variable2,correlation
MO3,MO11,-0.9660698717118271
MO4,MO6,-0.9640512073219161
MO5,MO31,0.960655126884121
MO3,MO31,-0.9546765916621287
MO5,MO6,0.9482401421517601
MO13,MO14,0.9411800663730916
MO3,MO5,-0.9398768982948715
MO3,MO4,0.9263172909008761
MO6,MO31,0.9245477267285869
MO3,MO19,-0.9226221210631299
